policy,seed,return
official_bc,42,-288550.3327567922
official_bc,43,-288083.45245140936
official_bc,44,-288027.5107067064
official_bc,45,-288216.32417794614
official_bc,46,-287998.4277032748
official_bc,47,-288598.9830244137
official_bc,48,-288584.65996015596
official_bc,49,-287733.1710404193
official_bc,50,-288200.39672663715
official_bc,51,-288196.541482272
world_model_cem,42,-268099.02204152703
world_model_cem,43,-267407.1961362958
world_model_cem,44,-267078.800210216
world_model_cem,45,-267293.01203652704
world_model_cem,46,-267573.5717223423
world_model_cem,47,-266922.0609620763
world_model_cem,48,-267280.5935943272
world_model_cem,49,-267337.5919929987
world_model_cem,50,-267766.96943076345
world_model_cem,51,-266617.2932534644
original_behavior_reference_offline,,-282860.12
original_behavior_reference_offline,,-278576.38
original_behavior_reference_offline,,-282476.38
original_behavior_reference_offline,,-283886.78
original_behavior_reference_offline,,-279429.16
original_behavior_reference_offline,,-282665.06
original_behavior_reference_offline,,-282552.25
original_behavior_reference_offline,,-282603.16
original_behavior_reference_offline,,-282137.88
original_behavior_reference_offline,,-283439.0
original_behavior_reference_offline,,-282570.03
original_behavior_reference_offline,,-282741.88
original_behavior_reference_offline,,-279158.2
original_behavior_reference_offline,,-281915.47
original_behavior_reference_offline,,-282946.78
original_behavior_reference_offline,,-282555.53
original_behavior_reference_offline,,-283792.94
original_behavior_reference_offline,,-283274.16
original_behavior_reference_offline,,-283000.56
original_behavior_reference_offline,,-283033.06
original_behavior_reference_offline,,-282598.8
original_behavior_reference_offline,,-284124.88
original_behavior_reference_offline,,-278936.28
original_behavior_reference_offline,,-282784.38
original_behavior_reference_offline,,-283611.75
original_behavior_reference_offline,,-282167.12
original_behavior_reference_offline,,-283013.9
original_behavior_reference_offline,,-283495.53
original_behavior_reference_offline,,-283453.94
original_behavior_reference_offline,,-284834.78
original_behavior_reference_offline,,-283780.6
original_behavior_reference_offline,,-284640.6
original_behavior_reference_offline,,-282302.4
original_behavior_reference_offline,,-283798.2
original_behavior_reference_offline,,-281583.1
original_behavior_reference_offline,,-283643.06
original_behavior_reference_offline,,-283160.3
original_behavior_reference_offline,,-283421.62
original_behavior_reference_offline,,-282664.5
original_behavior_reference_offline,,-283064.38
original_behavior_reference_offline,,-284604.5
original_behavior_reference_offline,,-283158.0
original_behavior_reference_offline,,-282560.16
original_behavior_reference_offline,,-284614.8
original_behavior_reference_offline,,-284659.62
original_behavior_reference_offline,,-282873.0
original_behavior_reference_offline,,-283858.5
original_behavior_reference_offline,,-283185.28
original_behavior_reference_offline,,-284509.1
original_behavior_reference_offline,,-282678.1
original_behavior_reference_offline,,-282929.75
original_behavior_reference_offline,,-283832.75
original_behavior_reference_offline,,-283673.12
original_behavior_reference_offline,,-283185.56
original_behavior_reference_offline,,-282927.94
original_behavior_reference_offline,,-283006.3
original_behavior_reference_offline,,-283432.62
original_behavior_reference_offline,,-284307.3
original_behavior_reference_offline,,-282485.25
original_behavior_reference_offline,,-283802.3
original_behavior_reference_offline,,-284277.12
original_behavior_reference_offline,,-282550.38
original_behavior_reference_offline,,-283031.0
original_behavior_reference_offline,,-282560.34
original_behavior_reference_offline,,-283863.06
original_behavior_reference_offline,,-283127.06
original_behavior_reference_offline,,-281894.28
original_behavior_reference_offline,,-282603.8
original_behavior_reference_offline,,-282877.1
original_behavior_reference_offline,,-282663.44
original_behavior_reference_offline,,-283120.06
original_behavior_reference_offline,,-283195.2
original_behavior_reference_offline,,-283488.56
original_behavior_reference_offline,,-283107.4
original_behavior_reference_offline,,-280810.8
original_behavior_reference_offline,,-282903.06
original_behavior_reference_offline,,-281219.88
original_behavior_reference_offline,,-282042.88
original_behavior_reference_offline,,-281297.84
original_behavior_reference_offline,,-279548.8
original_behavior_reference_offline,,-283268.38
original_behavior_reference_offline,,-283440.0
original_behavior_reference_offline,,-281559.94
original_behavior_reference_offline,,-282112.0
original_behavior_reference_offline,,-283975.3
original_behavior_reference_offline,,-282649.25
original_behavior_reference_offline,,-283120.44
original_behavior_reference_offline,,-282314.8
original_behavior_reference_offline,,-281255.3
original_behavior_reference_offline,,-281722.06
original_behavior_reference_offline,,-284700.9
original_behavior_reference_offline,,-283237.25
original_behavior_reference_offline,,-283541.72
original_behavior_reference_offline,,-284495.8
original_behavior_reference_offline,,-284336.3
original_behavior_reference_offline,,-282235.56
original_behavior_reference_offline,,-282329.78
original_behavior_reference_offline,,-278527.44
original_behavior_reference_offline,,-283344.06
original_behavior_reference_offline,,-282887.66
original_behavior_reference_offline,,-281107.25
original_behavior_reference_offline,,-283079.66
original_behavior_reference_offline,,-282881.8
original_behavior_reference_offline,,-282324.4
original_behavior_reference_offline,,-283209.94
original_behavior_reference_offline,,-282499.9
original_behavior_reference_offline,,-282673.8
original_behavior_reference_offline,,-279916.44
original_behavior_reference_offline,,-282420.2
original_behavior_reference_offline,,-283661.34
original_behavior_reference_offline,,-283425.72
original_behavior_reference_offline,,-282676.8
original_behavior_reference_offline,,-281829.72
original_behavior_reference_offline,,-281736.0
original_behavior_reference_offline,,-280869.0
original_behavior_reference_offline,,-281589.0
original_behavior_reference_offline,,-283619.2
original_behavior_reference_offline,,-283490.66
original_behavior_reference_offline,,-282619.7
original_behavior_reference_offline,,-282528.62
original_behavior_reference_offline,,-283425.8
original_behavior_reference_offline,,-283975.78
original_behavior_reference_offline,,-283513.9
original_behavior_reference_offline,,-282557.28
original_behavior_reference_offline,,-282701.53
original_behavior_reference_offline,,-280249.88
original_behavior_reference_offline,,-282909.75
original_behavior_reference_offline,,-283304.44
original_behavior_reference_offline,,-283382.44
original_behavior_reference_offline,,-282737.7
original_behavior_reference_offline,,-282782.4
original_behavior_reference_offline,,-282270.56
original_behavior_reference_offline,,-283648.88
original_behavior_reference_offline,,-282580.9
original_behavior_reference_offline,,-282759.16
original_behavior_reference_offline,,-282980.06
original_behavior_reference_offline,,-283155.0
original_behavior_reference_offline,,-282617.7
original_behavior_reference_offline,,-284861.47
original_behavior_reference_offline,,-282989.1
original_behavior_reference_offline,,-283717.7
original_behavior_reference_offline,,-283401.44
original_behavior_reference_offline,,-282485.97
original_behavior_reference_offline,,-282725.03
original_behavior_reference_offline,,-283077.44
original_behavior_reference_offline,,-283160.3
original_behavior_reference_offline,,-282550.34
original_behavior_reference_offline,,-282461.12
original_behavior_reference_offline,,-283179.62
original_behavior_reference_offline,,-283234.75
original_behavior_reference_offline,,-281470.12
original_behavior_reference_offline,,-283104.12
original_behavior_reference_offline,,-282785.4
original_behavior_reference_offline,,-282403.3
original_behavior_reference_offline,,-281568.06
original_behavior_reference_offline,,-281932.22
original_behavior_reference_offline,,-282464.0
original_behavior_reference_offline,,-283449.44
original_behavior_reference_offline,,-283572.44
original_behavior_reference_offline,,-284007.6
original_behavior_reference_offline,,-283761.2
original_behavior_reference_offline,,-283003.28
original_behavior_reference_offline,,-283475.06
original_behavior_reference_offline,,-280515.44
original_behavior_reference_offline,,-282484.62
original_behavior_reference_offline,,-284377.75
original_behavior_reference_offline,,-281025.5
original_behavior_reference_offline,,-282897.44
original_behavior_reference_offline,,-283115.25
original_behavior_reference_offline,,-282681.75
original_behavior_reference_offline,,-282611.72
original_behavior_reference_offline,,-283223.88
original_behavior_reference_offline,,-282762.88
original_behavior_reference_offline,,-283640.12
original_behavior_reference_offline,,-283221.16
original_behavior_reference_offline,,-282755.8
original_behavior_reference_offline,,-284284.78
original_behavior_reference_offline,,-282746.62
original_behavior_reference_offline,,-283555.1
original_behavior_reference_offline,,-282872.88
original_behavior_reference_offline,,-284487.84
original_behavior_reference_offline,,-282744.94
original_behavior_reference_offline,,-283039.28
original_behavior_reference_offline,,-282155.88
original_behavior_reference_offline,,-282599.8
original_behavior_reference_offline,,-283685.38
original_behavior_reference_offline,,-282867.12
original_behavior_reference_offline,,-283654.3
original_behavior_reference_offline,,-283185.0
original_behavior_reference_offline,,-282502.3
original_behavior_reference_offline,,-283973.4
original_behavior_reference_offline,,-279986.6
original_behavior_reference_offline,,-282719.56
original_behavior_reference_offline,,-281798.5
original_behavior_reference_offline,,-280107.28
original_behavior_reference_offline,,-283199.44
original_behavior_reference_offline,,-284394.25
original_behavior_reference_offline,,-279799.38
original_behavior_reference_offline,,-283921.06
original_behavior_reference_offline,,-282325.3
original_behavior_reference_offline,,-282935.62
original_behavior_reference_offline,,-280755.12
original_behavior_reference_offline,,-283967.56
original_behavior_reference_offline,,-283448.53
original_behavior_reference_offline,,-282752.5
original_behavior_reference_offline,,-282870.03
original_behavior_reference_offline,,-283683.62
original_behavior_reference_offline,,-282766.2
original_behavior_reference_offline,,-283401.06
original_behavior_reference_offline,,-283971.47
original_behavior_reference_offline,,-280592.88
original_behavior_reference_offline,,-282796.12
original_behavior_reference_offline,,-283956.25
original_behavior_reference_offline,,-283412.7
original_behavior_reference_offline,,-282374.22
original_behavior_reference_offline,,-282287.47
original_behavior_reference_offline,,-282959.0
original_behavior_reference_offline,,-283063.94
original_behavior_reference_offline,,-282833.12
original_behavior_reference_offline,,-282487.3
original_behavior_reference_offline,,-284244.3
original_behavior_reference_offline,,-282523.28
original_behavior_reference_offline,,-283900.2
original_behavior_reference_offline,,-282979.97
original_behavior_reference_offline,,-283905.25
original_behavior_reference_offline,,-283474.4
original_behavior_reference_offline,,-282535.56
original_behavior_reference_offline,,-282903.9
original_behavior_reference_offline,,-282902.4
original_behavior_reference_offline,,-284761.44
original_behavior_reference_offline,,-284478.66
original_behavior_reference_offline,,-283079.3
original_behavior_reference_offline,,-282978.84
original_behavior_reference_offline,,-281974.12
original_behavior_reference_offline,,-283150.25
original_behavior_reference_offline,,-282644.8
original_behavior_reference_offline,,-282992.16
original_behavior_reference_offline,,-283068.25
original_behavior_reference_offline,,-283189.5
original_behavior_reference_offline,,-278708.2
original_behavior_reference_offline,,-283819.0
original_behavior_reference_offline,,-282491.75
original_behavior_reference_offline,,-284737.22
original_behavior_reference_offline,,-280823.56
original_behavior_reference_offline,,-282457.3
original_behavior_reference_offline,,-283002.9
original_behavior_reference_offline,,-283199.84
original_behavior_reference_offline,,-282492.0
original_behavior_reference_offline,,-283603.16
original_behavior_reference_offline,,-282409.34
original_behavior_reference_offline,,-283338.56
original_behavior_reference_offline,,-280870.75
original_behavior_reference_offline,,-282848.25
original_behavior_reference_offline,,-283729.44
original_behavior_reference_offline,,-283145.1
original_behavior_reference_offline,,-283441.47
original_behavior_reference_offline,,-282846.16
original_behavior_reference_offline,,-282183.66
original_behavior_reference_offline,,-283835.56
original_behavior_reference_offline,,-282755.5
original_behavior_reference_offline,,-282360.0
original_behavior_reference_offline,,-282401.16
original_behavior_reference_offline,,-280620.25
original_behavior_reference_offline,,-280603.97
original_behavior_reference_offline,,-282691.84
original_behavior_reference_offline,,-283096.56
original_behavior_reference_offline,,-282758.38
original_behavior_reference_offline,,-282175.72
original_behavior_reference_offline,,-282414.62
original_behavior_reference_offline,,-281773.2
original_behavior_reference_offline,,-283274.72
original_behavior_reference_offline,,-282880.8
original_behavior_reference_offline,,-282940.94
original_behavior_reference_offline,,-282804.2
original_behavior_reference_offline,,-283634.34
original_behavior_reference_offline,,-283505.44
original_behavior_reference_offline,,-282603.75
original_behavior_reference_offline,,-282728.3
original_behavior_reference_offline,,-282731.38
original_behavior_reference_offline,,-282011.0
original_behavior_reference_offline,,-283025.38
original_behavior_reference_offline,,-282924.2
original_behavior_reference_offline,,-281807.16
original_behavior_reference_offline,,-283984.62
original_behavior_reference_offline,,-282680.88
original_behavior_reference_offline,,-283011.5
original_behavior_reference_offline,,-283081.12
original_behavior_reference_offline,,-283106.84
original_behavior_reference_offline,,-282373.1
original_behavior_reference_offline,,-283572.0
original_behavior_reference_offline,,-282380.78
original_behavior_reference_offline,,-278179.44
original_behavior_reference_offline,,-282630.7
original_behavior_reference_offline,,-282798.7
original_behavior_reference_offline,,-283482.56
original_behavior_reference_offline,,-282642.16
original_behavior_reference_offline,,-283105.94
original_behavior_reference_offline,,-283070.25
original_behavior_reference_offline,,-282912.34
original_behavior_reference_offline,,-283661.06
original_behavior_reference_offline,,-282333.7
original_behavior_reference_offline,,-282887.84
original_behavior_reference_offline,,-282274.75
original_behavior_reference_offline,,-283309.88
original_behavior_reference_offline,,-282603.75
original_behavior_reference_offline,,-282792.03
original_behavior_reference_offline,,-283320.38
original_behavior_reference_offline,,-282197.06
original_behavior_reference_offline,,-283246.38
original_behavior_reference_offline,,-283118.28
original_behavior_reference_offline,,-282516.25
original_behavior_reference_offline,,-282915.06
original_behavior_reference_offline,,-282312.56
original_behavior_reference_offline,,-282847.7
original_behavior_reference_offline,,-283015.8
original_behavior_reference_offline,,-282531.44
original_behavior_reference_offline,,-282081.25
original_behavior_reference_offline,,-282125.9
original_behavior_reference_offline,,-282920.88
original_behavior_reference_offline,,-282947.3
original_behavior_reference_offline,,-282635.7
original_behavior_reference_offline,,-282064.25
original_behavior_reference_offline,,-281242.56
original_behavior_reference_offline,,-283098.0
original_behavior_reference_offline,,-283387.62
original_behavior_reference_offline,,-284092.7
original_behavior_reference_offline,,-286896.75
original_behavior_reference_offline,,-283872.2
original_behavior_reference_offline,,-284528.44
original_behavior_reference_offline,,-283377.78
original_behavior_reference_offline,,-283493.5
original_behavior_reference_offline,,-282642.3
original_behavior_reference_offline,,-283018.88
original_behavior_reference_offline,,-282657.75
original_behavior_reference_offline,,-283238.0
original_behavior_reference_offline,,-282582.7
original_behavior_reference_offline,,-283292.88
original_behavior_reference_offline,,-283078.16
original_behavior_reference_offline,,-283896.7
original_behavior_reference_offline,,-284021.62
original_behavior_reference_offline,,-282972.1
original_behavior_reference_offline,,-282911.0
original_behavior_reference_offline,,-282397.38
original_behavior_reference_offline,,-282496.12
original_behavior_reference_offline,,-282691.06
original_behavior_reference_offline,,-282818.78
original_behavior_reference_offline,,-283600.25
original_behavior_reference_offline,,-282004.2
original_behavior_reference_offline,,-282393.94
original_behavior_reference_offline,,-282968.0
original_behavior_reference_offline,,-284306.28
original_behavior_reference_offline,,-283200.88
original_behavior_reference_offline,,-282818.28
original_behavior_reference_offline,,-281934.03
original_behavior_reference_offline,,-283805.7
original_behavior_reference_offline,,-283500.56
original_behavior_reference_offline,,-282114.28
original_behavior_reference_offline,,-282847.94
original_behavior_reference_offline,,-283776.62
original_behavior_reference_offline,,-283037.4
original_behavior_reference_offline,,-283713.7
original_behavior_reference_offline,,-282942.84
original_behavior_reference_offline,,-283087.9
original_behavior_reference_offline,,-282519.25
original_behavior_reference_offline,,-283969.2
original_behavior_reference_offline,,-282433.75
original_behavior_reference_offline,,-290020.12
original_behavior_reference_offline,,-283459.0
original_behavior_reference_offline,,-282410.78
original_behavior_reference_offline,,-282552.25
original_behavior_reference_offline,,-283054.38
original_behavior_reference_offline,,-282337.0
original_behavior_reference_offline,,-282961.0
original_behavior_reference_offline,,-283065.47
original_behavior_reference_offline,,-282958.94
original_behavior_reference_offline,,-280983.56
original_behavior_reference_offline,,-283253.62
original_behavior_reference_offline,,-282165.5
original_behavior_reference_offline,,-283778.84
original_behavior_reference_offline,,-283423.56
original_behavior_reference_offline,,-282798.5
original_behavior_reference_offline,,-283131.84
original_behavior_reference_offline,,-278728.78
original_behavior_reference_offline,,-282716.5
original_behavior_reference_offline,,-283590.22
original_behavior_reference_offline,,-282566.75
original_behavior_reference_offline,,-282760.03
original_behavior_reference_offline,,-282480.88
original_behavior_reference_offline,,-278357.5
original_behavior_reference_offline,,-281116.06
original_behavior_reference_offline,,-282352.34
original_behavior_reference_offline,,-283612.28
original_behavior_reference_offline,,-283446.8
original_behavior_reference_offline,,-283385.9
original_behavior_reference_offline,,-282611.03
original_behavior_reference_offline,,-280953.7
original_behavior_reference_offline,,-282840.2
original_behavior_reference_offline,,-282906.4
original_behavior_reference_offline,,-282452.44
original_behavior_reference_offline,,-282340.06
original_behavior_reference_offline,,-282656.5
original_behavior_reference_offline,,-283207.12
original_behavior_reference_offline,,-283379.38
original_behavior_reference_offline,,-282101.56
original_behavior_reference_offline,,-283271.03
original_behavior_reference_offline,,-281290.94
original_behavior_reference_offline,,-282955.84
original_behavior_reference_offline,,-283738.75
original_behavior_reference_offline,,-282480.8
original_behavior_reference_offline,,-282609.88
original_behavior_reference_offline,,-284096.44
original_behavior_reference_offline,,-283084.97
original_behavior_reference_offline,,-282677.25
original_behavior_reference_offline,,-283343.28
original_behavior_reference_offline,,-281947.56
original_behavior_reference_offline,,-282165.3
original_behavior_reference_offline,,-283703.78
original_behavior_reference_offline,,-283249.94
original_behavior_reference_offline,,-282998.53
original_behavior_reference_offline,,-282586.06
original_behavior_reference_offline,,-283730.03
original_behavior_reference_offline,,-282903.3
original_behavior_reference_offline,,-283184.2
original_behavior_reference_offline,,-282929.97
original_behavior_reference_offline,,-283119.22
original_behavior_reference_offline,,-281936.44
original_behavior_reference_offline,,-282727.2
original_behavior_reference_offline,,-282708.8
original_behavior_reference_offline,,-284921.12
original_behavior_reference_offline,,-285160.5
original_behavior_reference_offline,,-282368.53
original_behavior_reference_offline,,-284565.94
original_behavior_reference_offline,,-282753.47
original_behavior_reference_offline,,-282583.0
original_behavior_reference_offline,,-282009.25
original_behavior_reference_offline,,-283185.2
original_behavior_reference_offline,,-282774.7
original_behavior_reference_offline,,-283675.94
original_behavior_reference_offline,,-282582.0
original_behavior_reference_offline,,-282728.47
original_behavior_reference_offline,,-282739.0
original_behavior_reference_offline,,-282884.2
original_behavior_reference_offline,,-284019.94
original_behavior_reference_offline,,-282891.97
original_behavior_reference_offline,,-284859.9
original_behavior_reference_offline,,-282827.44
original_behavior_reference_offline,,-282483.25
original_behavior_reference_offline,,-282358.9
original_behavior_reference_offline,,-283624.7
original_behavior_reference_offline,,-283444.6
original_behavior_reference_offline,,-282165.1
original_behavior_reference_offline,,-282612.53
original_behavior_reference_offline,,-281457.28
original_behavior_reference_offline,,-283556.56
original_behavior_reference_offline,,-280878.88
original_behavior_reference_offline,,-282956.22
original_behavior_reference_offline,,-282597.25
original_behavior_reference_offline,,-282374.7
original_behavior_reference_offline,,-284616.25
original_behavior_reference_offline,,-282942.44
original_behavior_reference_offline,,-282294.5
original_behavior_reference_offline,,-292498.34
original_behavior_reference_offline,,-282871.72
original_behavior_reference_offline,,-283978.25
original_behavior_reference_offline,,-283119.22
original_behavior_reference_offline,,-281936.44
original_behavior_reference_offline,,-282727.2
original_behavior_reference_offline,,-282911.3
original_behavior_reference_offline,,-282819.1
original_behavior_reference_offline,,-283049.8
original_behavior_reference_offline,,-282368.53
original_behavior_reference_offline,,-284565.94
original_behavior_reference_offline,,-282669.38
original_behavior_reference_offline,,-282583.0
original_behavior_reference_offline,,-282009.25
original_behavior_reference_offline,,-282737.0
original_behavior_reference_offline,,-282774.7
original_behavior_reference_offline,,-283675.94
original_behavior_reference_offline,,-282462.66
original_behavior_reference_offline,,-280814.25
original_behavior_reference_offline,,-282739.0
original_behavior_reference_offline,,-282884.2
original_behavior_reference_offline,,-282739.1
original_behavior_reference_offline,,-282351.3
original_behavior_reference_offline,,-284108.5
original_behavior_reference_offline,,-282827.44
original_behavior_reference_offline,,-284550.2
original_behavior_reference_offline,,-283496.94
original_behavior_reference_offline,,-283618.94
original_behavior_reference_offline,,-284396.5
original_behavior_reference_offline,,-283140.7
original_behavior_reference_offline,,-281824.9
original_behavior_reference_offline,,-281457.28
original_behavior_reference_offline,,-283556.56
original_behavior_reference_offline,,-277590.3
original_behavior_reference_offline,,-281356.38
original_behavior_reference_offline,,-283541.62
original_behavior_reference_offline,,-282928.75
original_behavior_reference_offline,,-282848.7
original_behavior_reference_offline,,-281914.88
original_behavior_reference_offline,,-283628.5
original_behavior_reference_offline,,-292498.34
original_behavior_reference_offline,,-283811.72
original_behavior_reference_offline,,-282929.97
original_behavior_reference_offline,,-282224.0
original_behavior_reference_offline,,-281936.44
original_behavior_reference_offline,,-283936.3
original_behavior_reference_offline,,-282708.8
original_behavior_reference_offline,,-282733.7
original_behavior_reference_offline,,-285160.5
original_behavior_reference_offline,,-283697.56
original_behavior_reference_offline,,-282955.25
original_behavior_reference_offline,,-282753.47
original_behavior_reference_offline,,-282583.0
original_behavior_reference_offline,,-281933.75
original_behavior_reference_offline,,-282737.0
original_behavior_reference_offline,,-282878.06
original_behavior_reference_offline,,-283675.94
original_behavior_reference_offline,,-282121.0
original_behavior_reference_offline,,-282181.7
original_behavior_reference_offline,,-282763.2
original_behavior_reference_offline,,-282388.94
original_behavior_reference_offline,,-282739.1
original_behavior_reference_offline,,-282078.8
original_behavior_reference_offline,,-284108.5
original_behavior_reference_offline,,-284066.28
original_behavior_reference_offline,,-282179.03
original_behavior_reference_offline,,-283017.62
original_behavior_reference_offline,,-283624.7
original_behavior_reference_offline,,-282708.12
original_behavior_reference_offline,,-281953.75
original_behavior_reference_offline,,-282612.53
original_behavior_reference_offline,,-283179.78
original_behavior_reference_offline,,-283398.2
original_behavior_reference_offline,,-280878.88
original_behavior_reference_offline,,-281356.38
original_behavior_reference_offline,,-283541.62
original_behavior_reference_offline,,-281907.34
original_behavior_reference_offline,,-283038.97
original_behavior_reference_offline,,-282942.44
original_behavior_reference_offline,,-282294.5
original_behavior_reference_offline,,-283719.5
original_behavior_reference_offline,,-283184.2
original_behavior_reference_offline,,-283166.38
original_behavior_reference_offline,,-283119.22
original_behavior_reference_offline,,-282530.5
original_behavior_reference_offline,,-283153.75
original_behavior_reference_offline,,-282911.3
original_behavior_reference_offline,,-282733.7
original_behavior_reference_offline,,-283049.8
original_behavior_reference_offline,,-282368.53
original_behavior_reference_offline,,-282955.25
original_behavior_reference_offline,,-283383.3
original_behavior_reference_offline,,-282583.0
original_behavior_reference_offline,,-284180.06
original_behavior_reference_offline,,-282737.0
original_behavior_reference_offline,,-282878.06
original_behavior_reference_offline,,-282817.75
original_behavior_reference_offline,,-282582.0
original_behavior_reference_offline,,-280814.25
original_behavior_reference_offline,,-282763.2
original_behavior_reference_offline,,-282239.62
original_behavior_reference_offline,,-282340.75
original_behavior_reference_offline,,-282891.97
original_behavior_reference_offline,,-284108.5
original_behavior_reference_offline,,-282827.44
original_behavior_reference_offline,,-282179.03
original_behavior_reference_offline,,-283496.94
original_behavior_reference_offline,,-283102.97
original_behavior_reference_offline,,-284396.5
original_behavior_reference_offline,,-283140.7
original_behavior_reference_offline,,-282612.53
original_behavior_reference_offline,,-283179.78
original_behavior_reference_offline,,-282858.5
original_behavior_reference_offline,,-280878.88
original_behavior_reference_offline,,-284075.56
original_behavior_reference_offline,,-283518.62
original_behavior_reference_offline,,-282928.75
original_behavior_reference_offline,,-282848.7
original_behavior_reference_offline,,-283086.28
original_behavior_reference_offline,,-283628.5
original_behavior_reference_offline,,-282671.56
original_behavior_reference_offline,,-283811.72
original_behavior_reference_offline,,-282929.97
original_behavior_reference_offline,,-283216.62
original_behavior_reference_offline,,-282530.5
original_behavior_reference_offline,,-283153.75
original_behavior_reference_offline,,-284094.56
original_behavior_reference_offline,,-282733.7
original_behavior_reference_offline,,-283049.8
original_behavior_reference_offline,,-283697.56
original_behavior_reference_offline,,-282955.25
original_behavior_reference_offline,,-283383.3
original_behavior_reference_offline,,-281312.0
original_behavior_reference_offline,,-282009.25
original_behavior_reference_offline,,-283490.56
original_behavior_reference_offline,,-282832.56
original_behavior_reference_offline,,-282817.75
original_behavior_reference_offline,,-282582.0
original_behavior_reference_offline,,-282181.7
original_behavior_reference_offline,,-282923.72
original_behavior_reference_offline,,-282239.62
original_behavior_reference_offline,,-282739.1
original_behavior_reference_offline,,-282078.8
original_behavior_reference_offline,,-282652.28
original_behavior_reference_offline,,-282827.44
original_behavior_reference_offline,,-282179.03
original_behavior_reference_offline,,-283017.62
original_behavior_reference_offline,,-283624.7
original_behavior_reference_offline,,-284396.5
original_behavior_reference_offline,,-282165.1
original_behavior_reference_offline,,-282612.53
original_behavior_reference_offline,,-281457.28
original_behavior_reference_offline,,-282858.5
original_behavior_reference_offline,,-277590.3
original_behavior_reference_offline,,-284075.56
original_behavior_reference_offline,,-283541.62
original_behavior_reference_offline,,-282374.7
original_behavior_reference_offline,,-283038.97
original_behavior_reference_offline,,-283086.28
original_behavior_reference_offline,,-283628.5
original_behavior_reference_offline,,-283719.5
original_behavior_reference_offline,,-283811.72
original_behavior_reference_offline,,-283978.25
original_behavior_reference_offline,,-283119.22
original_behavior_reference_offline,,-281936.44
original_behavior_reference_offline,,-283936.3
original_behavior_reference_offline,,-282708.8
original_behavior_reference_offline,,-284921.12
original_behavior_reference_offline,,-285160.5
original_behavior_reference_offline,,-283697.56
original_behavior_reference_offline,,-284565.94
original_behavior_reference_offline,,-282753.47
original_behavior_reference_offline,,-282519.12
original_behavior_reference_offline,,-282009.25
original_behavior_reference_offline,,-282737.0
original_behavior_reference_offline,,-282832.56
original_behavior_reference_offline,,-282817.75
original_behavior_reference_offline,,-282462.66
original_behavior_reference_offline,,-280814.25
original_behavior_reference_offline,,-282739.0
original_behavior_reference_offline,,-282884.2
original_behavior_reference_offline,,-284019.94
original_behavior_reference_offline,,-282351.3
original_behavior_reference_offline,,-282652.28
original_behavior_reference_offline,,-283933.2
original_behavior_reference_offline,,-282179.03
original_behavior_reference_offline,,-283017.62
original_behavior_reference_offline,,-283618.94
original_behavior_reference_offline,,-284396.5
original_behavior_reference_offline,,-282165.1
original_behavior_reference_offline,,-282612.53
original_behavior_reference_offline,,-283179.78
original_behavior_reference_offline,,-282858.5
original_behavior_reference_offline,,-280878.88
original_behavior_reference_offline,,-281356.38
original_behavior_reference_offline,,-282597.25
original_behavior_reference_offline,,-282928.75
original_behavior_reference_offline,,-284616.25
original_behavior_reference_offline,,-283086.28
original_behavior_reference_offline,,-282294.5
original_behavior_reference_offline,,-282671.56
original_behavior_reference_offline,,-282871.72
original_behavior_reference_offline,,-282929.97
original_behavior_reference_offline,,-283216.62
original_behavior_reference_offline,,-281936.44
original_behavior_reference_offline,,-283936.3
original_behavior_reference_offline,,-282911.3
original_behavior_reference_offline,,-282819.1
original_behavior_reference_offline,,-283449.2
original_behavior_reference_offline,,-278979.38
original_behavior_reference_offline,,-282955.25
original_behavior_reference_offline,,-282669.38
original_behavior_reference_offline,,-282519.12
original_behavior_reference_offline,,-281933.75
original_behavior_reference_offline,,-282737.0
original_behavior_reference_offline,,-282878.06
original_behavior_reference_offline,,-282817.75
original_behavior_reference_offline,,-282582.0
original_behavior_reference_offline,,-282181.7
original_behavior_reference_offline,,-282923.72
original_behavior_reference_offline,,-282239.62
original_behavior_reference_offline,,-284019.94
original_behavior_reference_offline,,-282351.3
original_behavior_reference_offline,,-282652.28
original_behavior_reference_offline,,-284066.28
original_behavior_reference_offline,,-282483.25
original_behavior_reference_offline,,-283496.94
original_behavior_reference_offline,,-283624.7
original_behavior_reference_offline,,-284396.5
original_behavior_reference_offline,,-281953.75
original_behavior_reference_offline,,-283236.0
original_behavior_reference_offline,,-283090.44
original_behavior_reference_offline,,-283398.2
original_behavior_reference_offline,,-277590.3
original_behavior_reference_offline,,-281356.38
original_behavior_reference_offline,,-283541.62
original_behavior_reference_offline,,-281907.34
original_behavior_reference_offline,,-282848.7
original_behavior_reference_offline,,-281914.88
original_behavior_reference_offline,,-282777.44
original_behavior_reference_offline,,-282671.56
original_behavior_reference_offline,,-282871.72
original_behavior_reference_offline,,-283166.38
original_behavior_reference_offline,,-283216.62
original_behavior_reference_offline,,-282530.5
original_behavior_reference_offline,,-283936.3
original_behavior_reference_offline,,-282708.8
original_behavior_reference_offline,,-282733.7
original_behavior_reference_offline,,-285160.5
original_behavior_reference_offline,,-278979.38
original_behavior_reference_offline,,-282955.25
original_behavior_reference_offline,,-282753.47
original_behavior_reference_offline,,-281312.0
original_behavior_reference_offline,,-281933.75
original_behavior_reference_offline,,-282737.0
original_behavior_reference_offline,,-282774.7
original_behavior_reference_offline,,-282817.75
original_behavior_reference_offline,,-282582.0
original_behavior_reference_offline,,-282728.47
original_behavior_reference_offline,,-282763.2
original_behavior_reference_offline,,-282884.2
original_behavior_reference_offline,,-282739.1
original_behavior_reference_offline,,-282078.8
original_behavior_reference_offline,,-284859.9
original_behavior_reference_offline,,-283933.2
original_behavior_reference_offline,,-282483.25
original_behavior_reference_offline,,-283496.94
original_behavior_reference_offline,,-283624.7
original_behavior_reference_offline,,-284396.5
original_behavior_reference_offline,,-281953.75
original_behavior_reference_offline,,-281824.9
original_behavior_reference_offline,,-283179.78
original_behavior_reference_offline,,-283398.2
original_behavior_reference_offline,,-277590.3
original_behavior_reference_offline,,-284075.56
original_behavior_reference_offline,,-283541.62
original_behavior_reference_offline,,-282928.75
original_behavior_reference_offline,,-283038.97
original_behavior_reference_offline,,-283086.28
original_behavior_reference_offline,,-283628.5
original_behavior_reference_offline,,-292498.34
original_behavior_reference_offline,,-282871.72
original_behavior_reference_offline,,-283978.25
original_behavior_reference_offline,,-282224.0
original_behavior_reference_offline,,-283136.34
original_behavior_reference_offline,,-283153.75
original_behavior_reference_offline,,-282911.3
original_behavior_reference_offline,,-284921.12
original_behavior_reference_offline,,-283049.8
original_behavior_reference_offline,,-282368.53
original_behavior_reference_offline,,-282955.25
original_behavior_reference_offline,,-283383.3
original_behavior_reference_offline,,-281312.0
original_behavior_reference_offline,,-284180.06
original_behavior_reference_offline,,-283490.56
original_behavior_reference_offline,,-282878.06
original_behavior_reference_offline,,-282658.6
original_behavior_reference_offline,,-282121.0
original_behavior_reference_offline,,-280814.25
original_behavior_reference_offline,,-282923.72
original_behavior_reference_offline,,-282884.2
original_behavior_reference_offline,,-282739.1
original_behavior_reference_offline,,-282078.8
original_behavior_reference_offline,,-284859.9
original_behavior_reference_offline,,-282827.44
original_behavior_reference_offline,,-282179.03
original_behavior_reference_offline,,-283496.94
original_behavior_reference_offline,,-283618.94
original_behavior_reference_offline,,-284396.5
original_behavior_reference_offline,,-281953.75
original_behavior_reference_offline,,-283236.0
original_behavior_reference_offline,,-281457.28
original_behavior_reference_offline,,-282858.5
original_behavior_reference_offline,,-280878.88
original_behavior_reference_offline,,-282956.22
original_behavior_reference_offline,,-282597.25
original_behavior_reference_offline,,-282374.7
original_behavior_reference_offline,,-282848.7
original_behavior_reference_offline,,-281914.88
original_behavior_reference_offline,,-283628.5
original_behavior_reference_offline,,-292498.34
original_behavior_reference_offline,,-282871.72
original_behavior_reference_offline,,-283978.25
original_behavior_reference_offline,,-283119.22
original_behavior_reference_offline,,-283136.34
original_behavior_reference_offline,,-282727.2
original_behavior_reference_offline,,-284094.56
original_behavior_reference_offline,,-282733.7
original_behavior_reference_offline,,-283449.2
original_behavior_reference_offline,,-283697.56
original_behavior_reference_offline,,-282955.25
original_behavior_reference_offline,,-283383.3
original_behavior_reference_offline,,-282519.12
original_behavior_reference_offline,,-282009.25
original_behavior_reference_offline,,-283185.2
original_behavior_reference_offline,,-282774.7
original_behavior_reference_offline,,-282658.6
original_behavior_reference_offline,,-282121.0
original_behavior_reference_offline,,-280814.25
original_behavior_reference_offline,,-282763.2
original_behavior_reference_offline,,-282884.2
original_behavior_reference_offline,,-282739.1
original_behavior_reference_offline,,-282351.3
original_behavior_reference_offline,,-284108.5
original_behavior_reference_offline,,-284066.28
original_behavior_reference_offline,,-284550.2
original_behavior_reference_offline,,-283017.62
original_behavior_reference_offline,,-283618.94
original_behavior_reference_offline,,-283444.6
original_behavior_reference_offline,,-283140.7
original_behavior_reference_offline,,-282612.53
original_behavior_reference_offline,,-283090.44
original_behavior_reference_offline,,-282858.5
original_behavior_reference_offline,,-282644.28
original_behavior_reference_offline,,-281356.38
original_behavior_reference_offline,,-282597.25
original_behavior_reference_offline,,-282374.7
original_behavior_reference_offline,,-283038.97
original_behavior_reference_offline,,-282942.44
original_behavior_reference_offline,,-283628.5
original_behavior_reference_offline,,-282671.56
original_behavior_reference_offline,,-283811.72
original_behavior_reference_offline,,-282929.97
original_behavior_reference_offline,,-282224.0
original_behavior_reference_offline,,-283136.34
original_behavior_reference_offline,,-283153.75
original_behavior_reference_offline,,-282911.3
original_behavior_reference_offline,,-282819.1
original_behavior_reference_offline,,-283449.2
original_behavior_reference_offline,,-283697.56
original_behavior_reference_offline,,-282816.38
original_behavior_reference_offline,,-282753.47
original_behavior_reference_offline,,-282519.12
original_behavior_reference_offline,,-284180.06
original_behavior_reference_offline,,-283490.56
original_behavior_reference_offline,,-282774.7
original_behavior_reference_offline,,-283675.94
original_behavior_reference_offline,,-282462.66
original_behavior_reference_offline,,-282181.7
original_behavior_reference_offline,,-282763.2
original_behavior_reference_offline,,-282884.2
original_behavior_reference_offline,,-284019.94
original_behavior_reference_offline,,-282078.8
original_behavior_reference_offline,,-282652.28
original_behavior_reference_offline,,-282827.44
original_behavior_reference_offline,,-282179.03
original_behavior_reference_offline,,-283017.62
original_behavior_reference_offline,,-283102.97
original_behavior_reference_offline,,-284396.5
original_behavior_reference_offline,,-282165.1
original_behavior_reference_offline,,-282612.53
original_behavior_reference_offline,,-283179.78
original_behavior_reference_offline,,-283398.2
original_behavior_reference_offline,,-280878.88
original_behavior_reference_offline,,-281356.38
original_behavior_reference_offline,,-282597.25
original_behavior_reference_offline,,-282928.75
original_behavior_reference_offline,,-284616.25
original_behavior_reference_offline,,-283086.28
original_behavior_reference_offline,,-282777.44
original_behavior_reference_offline,,-283719.5
original_behavior_reference_offline,,-283184.2
original_behavior_reference_offline,,-283978.25
original_behavior_reference_offline,,-282224.0
original_behavior_reference_offline,,-282530.5
original_behavior_reference_offline,,-282727.2
original_behavior_reference_offline,,-284094.56
original_behavior_reference_offline,,-282733.7
original_behavior_reference_offline,,-285160.5
original_behavior_reference_offline,,-278979.38
original_behavior_reference_offline,,-284565.94
original_behavior_reference_offline,,-282669.38
original_behavior_reference_offline,,-281312.0
original_behavior_reference_offline,,-281933.75
original_behavior_reference_offline,,-282737.0
original_behavior_reference_offline,,-282832.56
original_behavior_reference_offline,,-282817.75
original_behavior_reference_offline,,-282582.0
original_behavior_reference_offline,,-282728.47
original_behavior_reference_offline,,-282923.72
original_behavior_reference_offline,,-282884.2
original_behavior_reference_offline,,-282340.75
original_behavior_reference_offline,,-282078.8
original_behavior_reference_offline,,-284108.5
original_behavior_reference_offline,,-282827.44
original_behavior_reference_offline,,-282179.03
original_behavior_reference_offline,,-283017.62
original_behavior_reference_offline,,-283624.7
original_behavior_reference_offline,,-283444.6
original_behavior_reference_offline,,-281953.75
original_behavior_reference_offline,,-282612.53
original_behavior_reference_offline,,-283090.44
original_behavior_reference_offline,,-283398.2
original_behavior_reference_offline,,-280878.88
original_behavior_reference_offline,,-282956.22
original_behavior_reference_offline,,-283541.62
original_behavior_reference_offline,,-282928.75
original_behavior_reference_offline,,-283038.97
original_behavior_reference_offline,,-282942.44
original_behavior_reference_offline,,-283628.5
original_behavior_reference_offline,,-282671.56
original_behavior_reference_offline,,-283811.72
original_behavior_reference_offline,,-283166.38
original_behavior_reference_offline,,-283216.62
original_behavior_reference_offline,,-281936.44
original_behavior_reference_offline,,-283936.3
original_behavior_reference_offline,,-282911.3
original_behavior_reference_offline,,-282733.7
original_behavior_reference_offline,,-283449.2
original_behavior_reference_offline,,-283697.56
original_behavior_reference_offline,,-282955.25
original_behavior_reference_offline,,-282753.47
original_behavior_reference_offline,,-282583.0
original_behavior_reference_offline,,-282009.25
original_behavior_reference_offline,,-283185.2
original_behavior_reference_offline,,-282774.7
original_behavior_reference_offline,,-282658.6
original_behavior_reference_offline,,-282582.0
original_behavior_reference_offline,,-280814.25
original_behavior_reference_offline,,-282763.2
original_behavior_reference_offline,,-282388.94
original_behavior_reference_offline,,-282739.1
original_behavior_reference_offline,,-282891.97
original_behavior_reference_offline,,-282652.28
original_behavior_reference_offline,,-282827.44
original_behavior_reference_offline,,-284550.2
original_behavior_reference_offline,,-282358.9
original_behavior_reference_offline,,-283102.97
original_behavior_reference_offline,,-282708.12
original_behavior_reference_offline,,-282165.1
original_behavior_reference_offline,,-281824.9
original_behavior_reference_offline,,-283179.78
original_behavior_reference_offline,,-283556.56
original_behavior_reference_offline,,-280878.88
original_behavior_reference_offline,,-281356.38
original_behavior_reference_offline,,-283541.62
original_behavior_reference_offline,,-282928.75
original_behavior_reference_offline,,-284616.25
original_behavior_reference_offline,,-283086.28
original_behavior_reference_offline,,-282777.44
original_behavior_reference_offline,,-283719.5
original_behavior_reference_offline,,-283811.72
original_behavior_reference_offline,,-283978.25
original_behavior_reference_offline,,-283216.62
original_behavior_reference_offline,,-281936.44
original_behavior_reference_offline,,-282727.2
original_behavior_reference_offline,,-282911.3
original_behavior_reference_offline,,-282733.7
original_behavior_reference_offline,,-285160.5
original_behavior_reference_offline,,-283697.56
original_behavior_reference_offline,,-284565.94
original_behavior_reference_offline,,-283383.3
original_behavior_reference_offline,,-281312.0
original_behavior_reference_offline,,-284180.06
original_behavior_reference_offline,,-283185.2
original_behavior_reference_offline,,-282878.06
original_behavior_reference_offline,,-282658.6
original_behavior_reference_offline,,-282582.0
original_behavior_reference_offline,,-280814.25
original_behavior_reference_offline,,-282763.2
original_behavior_reference_offline,,-282388.94
original_behavior_reference_offline,,-282340.75
original_behavior_reference_offline,,-282891.97
original_behavior_reference_offline,,-284108.5
original_behavior_reference_offline,,-284066.28
original_behavior_reference_offline,,-282179.03
original_behavior_reference_offline,,-283017.62
original_behavior_reference_offline,,-283618.94
original_behavior_reference_offline,,-282708.12
original_behavior_reference_offline,,-282165.1
original_behavior_reference_offline,,-282612.53
original_behavior_reference_offline,,-283090.44
original_behavior_reference_offline,,-283556.56
original_behavior_reference_offline,,-280878.88
original_behavior_reference_offline,,-281356.38
original_behavior_reference_offline,,-283541.62
original_behavior_reference_offline,,-282928.75
original_behavior_reference_offline,,-283038.97
original_behavior_reference_offline,,-282942.44
original_behavior_reference_offline,,-283628.5
original_behavior_reference_offline,,-283719.5
original_behavior_reference_offline,,-282871.72
original_behavior_reference_offline,,-283166.38
original_behavior_reference_offline,,-282224.0
original_behavior_reference_offline,,-282530.5
original_behavior_reference_offline,,-282727.2
original_behavior_reference_offline,,-282708.8
original_behavior_reference_offline,,-284921.12
original_behavior_reference_offline,,-283049.8
original_behavior_reference_offline,,-278979.38
original_behavior_reference_offline,,-282816.38
original_behavior_reference_offline,,-282753.47
original_behavior_reference_offline,,-282583.0
original_behavior_reference_offline,,-281933.75
original_behavior_reference_offline,,-283490.56
original_behavior_reference_offline,,-282832.56
original_behavior_reference_offline,,-282817.75
original_behavior_reference_offline,,-282582.0
original_behavior_reference_offline,,-282181.7
